Sys,Sys,Sys,Sys,Sys,GasEx,GasEx,GasEx,GasEx,GasEx,GasEx,GasEx,GasEx,GasEx,GasEx,GasEx,GasEx,GasEx,GasEx,GasEx,GasEx,GasEx,GasEx,GasEx,GasEx,GasEx,GasEx,GasEx,Leak,Leak,Leak,Leak,Leak,FLR,FLR,FLR,FLR,FLR,FLR,FLR,FLR,FLR,FLR,FLR,FLR,FLR,FLR,FLR,FLR,FLR,FLR,FLR,FLR,FLR,FLR,FLR,FLR,FLR,FLR,FLR,FLR,MPF,MPF,MPF,MPF,MPF,MPF,MPF,MPF,FastKntcs,FastKntcs,FastKntcs,FastKntcs,FastKntcs,FastKntcs,FastKntcs,FastKntcs,FastKntcs,FastKntcs,LeafQ,LeafQ,LeafQ,LeafQ,Const,Const,Const,Const,Meas,Meas,Meas,Meas,Meas,Meas,Meas,Meas,Meas,Meas,Meas,Meas,Meas,Meas,Meas,Meas,Meas,Meas,Meas2,Meas2,Meas2,Meas2,Meas2,Meas2,Meas2,Meas2,Meas2,Meas2,FlrLS,FlrLS,FlrLS,FlrLS,FlrLS,FlrLS,FlrLS,FlrLS,FlrLS,FlrLS,FlrLS,FlrLS,FlrLS,FlrLS,FlrLS,FlrLS,FlrLS,FlrLS,FlrStats,FlrStats,FlrStats,FlrStats,FlrStats,MchEvent,MchEvent,MchEvent,MchEvent,MchEvent,MchEvent,MchEvent,MchEvent,MchEvent,MchEvent,MchEvent,MchEvent,MchEvent,Stability,Stability,Stability,Stability,Stability,Stability,Stability,Stability,Stability,Stability,Stability,Stability,Stability,Stability,Stability,Raw,Raw,Raw,Raw,Raw,Raw,Raw,Raw,Raw,Raw,Raw,Raw,Raw,Raw,Raw,Raw,Raw,Raw,Status2,Status2,Status2,Status2,Status2,Status2,Status2,Status2,Status2,Status2,Status2,Status2,Status2,Status2,Status2,Status2,Status2,Status2,Status2,Auxiliary,Auxiliary,Auxiliary,Auxiliary,Auxiliary,Auxiliary,Auxiliary,Auxiliary,Auxiliary,Auxiliary,Auxiliary,Auxiliary,Auxiliary,Auxiliary,Auxiliary,Auxiliary,Auxiliary,Auxiliary,Auxiliary,MchStatus,MchStatus,MchStatus,MchStatus,MchStatus,MchStatus,MchStatus,MchStatus,MchStatus,MchStatus,MchStatus,MchStatus,MchStatus,MchStatus,MchStatus,MchStatus,MchStatus,MchStatus,Status,Status,Status,Status,Status,Status,Status,Status,Status,Status,Status,Status,Status,Status,Status,Status
obs,time,elapsed,date,hhmmss,TIME,E,A,Ca,Ci,Pci,Pca,gsw,gbw,gtw,gtc,Rabs,TleafEB,TleafCnd,SVPleaf,RHcham,VPcham,SVPcham,VPDleaf,LatHFlux,SenHFlux,NetTherm,EBSum,Leak,LeakPct,CorrFact,CorrFactPct,Fan,DarkAdaptedID,Qmax_d,Fo,Fm,Fv,Fv/Fm,Adark,LightAdaptedID,Qmax,Fs,Fm',PhiPS2,PS2/1,Qabs_fs,Afs,ETR,Fv'/Fm',PhiCO2,NPQ,DarkPulseID,Fo',Fv',qP,qN,qP_Fo,qN_Fo,qL,1-qL,ID,P1_dur,P2_dur,P3_dur,P1_Qmax,P1_Fmax,P2_dQdt,P3_?F,ID,Duration,Fo,F1,F2,Fmax,T@HIR,T@F1,T@F2,T@Fmax,Qin,Qabs,alpha,convert,S,K,Geometry,Custom,TIME,CO2_s,CO2_r,H2O_s,H2O_r,CO2_a,H2O_a,Flow,Pa,?Pcham,Tair,Tleaf,Tleaf2,Offset,Offset2,Fan_speed,Qamb_in,Qamb_out,?CO2,CO2_s_d,CO2_r_d,?H2O,CO2_b,H2O_b,e_s,e_r,Td_s,Td_r,Q,f_red,f_blue,f_farred,F,Q_modavg,F_dc,Pc,Tled,TDigital,TPreamp,TPwrSpy,TDrive,Q_red,Q_blue,Q_farred,TSPF,state,F_avg,dF/dt,dF_dc/dt,F_dc_avg,period,time,hhmmss,co2_t,h2o_t,count,co2_adj,h2o_adj,co2_match,h2o_match,co2_at,h2o_at,co2_cv,h2o_cv,?CO2:MN,?CO2:SLP,?CO2:SD,?CO2:OK,F:MN,F:SLP,F:SD,F:OK,?H2O:MN,?H2O:SLP,?H2O:SD,?H2O:OK,Stable,Total,State,Vflow,VPchamber,abs_c_a,abs_c_b,abs_h_a,abs_h_b,Wc_s,Wc_r,Wco_s,Wco_r,Ww_s,Ww_r,Wwo_s,Wwo_r,Flow_s_v,Flow_r_v,Tleaf_mv,Tleaf2_mv,Tleaf_j,Tleaf2_j,Console_RH,Console_T,Console_H2O,Fan_%,Flow_%,Pump,Tchp_pwm,Txchg_pwm,diag_20v,diag_5_4v,diag_12v,diag_5va,diag_3_3vf,AccCO2_soda,CO2_hrs,AccH2O_des,AccH2O_hum,ADC_CH1,ADC_CH2,ADC_CH3,ADC_CH4,ADC_CH5,ADC_CH6,ADC_CH7,ADC_CH8,DAC_1,DAC_2,DAC_3,DAC_4,GPIO,GPIO_dir,excit_5v,power_12v,power_5v,ch1_pullup,AuxPower,MatchValveR,MatchValveS,MatchCO2,MatchH2O,cf_co2_a,cf_co2_b,cf_co2_c,cf_co2_d,cf_h2o_a,cf_h2o_b,cf_h2o_c,cf_h2o_d,co2_fit_low,co2_fit_high,h2o_fit_low,h2o_fit_high,co2_elapsed,h2o_elapsed,DIAG,Flow_s,Flow_r,Txchg,Tirga,Tchopper,Ts,Tr,CO2_%,Desiccant_%,Humidifier_%,Txchg_sp,CO2_r_sp,H2O_r_sp,SS_s,SS_r
,s,s,,,s,mol m?² s?¹,µmol m?² s?¹,µmol mol?¹,µmol mol?¹,Pa,Pa,mol m?² s?¹,mol m?² s?¹,mol m?² s?¹,mol m?² s?¹,W m?²,°C,°C,kPa,%,kPa,kPa,kPa,W m?²,W m?²,W m?²,W m?²,µmol s?¹,%,,%,µmol s?¹,,,,,,,µmol m?² s?¹,,,,,,,µmol m?² s?¹,µmol m?² s?¹,µmol m?² s?¹,,µmol µmol?¹,,,,,,,,,,,,ms,ms,ms,µmol m?² s?¹,,mol m?² s?²,,,ms,,,,,s,s,s,s,µmol m?² s?¹,µmol m?² s?¹,,J/µmol,cm²,,,mol m?² s?¹,s,µmol mol?¹,µmol mol?¹,mmol mol?¹,mmol mol?¹,µmol mol?¹,mmol mol?¹,µmol s?¹,kPa,kPa,°C,°C,°C,°C,°C,rpm,µmol m?² s?¹,µmol m?² s?¹,µmol mol?¹,µmol mol?¹,µmol mol?¹,mmol mol?¹,µmol mol?¹,mmol mol?¹,kPa,kPa,°C,°C,µmol m?² s?¹,,,,,µmol m?² s?¹,,,°C,°C,°C,°C,°C,µmol m?² s?¹,µmol m?² s?¹,µmol m?² s?¹,s,,,min?¹,min?¹,,s,secs,,s,s,,µmol/mol,mmol/mol,µmol/mol,mmol/mol,µmol/mol,mmol/mol,%,%,µmol mol?¹,µmol mol?¹ min?¹,µmol mol?¹,,, min?¹,,,mmol mol?¹,mmol mol?¹ min?¹,mmol mol?¹,,,,,V,V,,,,,,,,,,,,,V,V,mV,mV,°C,°C,%,°C,mmol mol?¹,%,%,,V,V,V,V,V,V,V,mg,hrs,mg,mg,V,V,V,V,V,V,V,V,V,V,V,V,,,,,,,V,%,%,µmol/mol,mmol/mol,mmol/mol,,,,mmol/mol,,,,µmol mol?¹,µmol mol?¹,mmol mol?¹,mmol mol?¹,min,min,,µmol s?¹,µmol s?¹,°C,°C,°C,°C,°C,%,%,%,°C,µmol mol?¹,mmol mol?¹,%,%
1,1649132587,0,20220405 14:23:07,14:23:07,1649132579,0.001854451,-3.411442146,400.7517681,431.6940204,39.19156661,36.38245811,0.139357847,3.150366657,0.13602153,0.085306559,0.015962873,25.13873368,24.99795667,3.179290257,60.02408973,1.976711887,3.293197607,1.20257837,-81.78130228,100.5020746,6.767968811,25.50470398,0,0,1,0,48206,MPF-2-20220405-14_23_08,5210.52,90.434,499.79,409.356,0.819056004,-3.411442146,-,-,0,0,0,0.5,0.08401512,0,0,0,40.60509758,0,-,0,0,0,0,0,0,0,1,2,300,300,300,5210.52,485.48,-0.00432611,2.95,-,-,-,-,-,-,-,-,-,-,0.100018,0.08401512,0.84,0.19,2,0.5,0: Broadleaf,2,1649132579,400.7517667,399.6845667,21.77342667,21.04787,400.6094333,21.96145333,500.0501333,90.74809,0.037431123,25.58969333,24.99795667,999.9,0,0,10002.562,0,0.21925,1.0671512,409.6717,408.2780667,0.7255599,399.6845667,21.04787,1.975895667,1.910053,17.25249,16.71778,0.100018,0,0,0,90.30233333,0.100018,30.0225,-0.9305,30.38533333,34.437,32.67883333,34.6933,33.6312,0,0,0,545.8999999,0,90.434,5.098076966,-2.450384575,29.9968,15,1649132308,14:18:28,1649132308,1649132305,2,0.183,0.007,0.142,-0.188,397,21,0.4,0.14,1.023849375,1.512908049,0.25214163,0,90.3232,4.33357524,1.170766313,0,0.717323,0.075461899,0.016982547,1,1,3,1-Mar,2.95351,2.79283,0.0884414,0.0889359,0.0957358,0.0939622,31989.6,27772.8,31206.2,29101.1,37261.1,37637.2,42515.9,44389.5,2.16528,2.0331,0.0779256,0,23.7108,999.9,71.371,24.652,24.4923,61.0501,36.7869,1,-0.130315,-0.636863,20.2878,5.25323,12.0279,4.99675,3.298,9999,8260.8,135.8,9999,1.88007,1.87532,1.87921,1.87836,1.87763,1.87256,1.87665,1.87392,5,0,0,0,11111111,oooooooo,off,off,off,off,0,100,100,0.142,-0.188,0.1423,0,0,0,-0.188035,0,0,0,-1,-1,-1,-1,4.7,4.7,2,512.317,487.377,25.4141,25.4046,30.0001,25.3878,25.3671,19.4533,16.3493,100,25.4166,400,21.039,98.4543,101.295
2,1649132906,319,20220405 14:28:26,14:28:26,1649132898,0.002022008,-3.334646096,400.767453,427.6809533,38.82856785,36.38512803,0.151847233,3.151438963,0.147896552,0.092781737,0.015962873,25.13295077,25.01400968,3.182334367,59.88948003,1.976356894,3.300006767,1.205977473,-89.1705683,103.7219881,6.984212499,21.55159519,0,0,1,0,47929,MPF-3-20220405-14_28_27,5210.2,90.857,494.321,403.464,0.816198381,-3.334646096,-,-,0,0,0,0.5,0.08401512,0,0,0,39.69102343,0,-,0,0,0,0,0,0,0,1,3,300,300,300,5210.2,483.54,-0.00432586,1.05,-,-,-,-,-,-,-,-,-,-,0.100018,0.08401512,0.84,0.19,2,0.5,0: Broadleaf,2,1649132898,400.7674516,399.757871,21.76877097,20.97768065,400.6090645,21.95263871,500.0672258,90.7511,0.037530055,25.62449677,25.01400968,999.9,0,0,10006.50774,0,0.21925,1.009528548,409.6858065,408.3235806,0.79108329,399.757871,20.97768065,1.975539355,1.903748387,17.24963871,16.66572581,0.100018,0,0,0,90.81516129,0.100018,29.28596774,-1.091935484,30.554,34.61687097,32.812,34.82419355,33.778,0,0,0,317.8999999,0,90.857,1.321153913,-1.135384599,29.2896,15,1649132800,14:26:39,1649132800,1649132799,3,0.016,0.004,0.158,-0.184,399,21,0.76,0.09,1.021646125,-0.232788417,0.062862043,1,90.7262,2.146378378,1.142161355,1,0.790343625,0.017615809,0.002009116,1,3,3,3-Mar,2.95314,2.79302,0.0884564,0.0889947,0.0957552,0.0937386,31988.9,27772.6,31206.3,29103.1,37259.7,37649.2,42515.2,44392.7,2.16445,2.02892,0.076551,0,23.7704,999.9,70.626,25.005,24.7523,61.4601,37.3718,1,-0.126692,-0.561931,20.2879,5.25458,12.0279,4.9971,3.298,9999,8267.5,135.9,9999,1.88005,1.87531,1.87927,1.87836,1.87761,1.87256,1.87667,1.87385,5,0,0,0,11111111,oooooooo,off,off,off,off,0,100,100,0.158,-0.1838,0.15825,0,0,0,-0.18387,0,0,0,-1,-1,-1,-1,1.8,1.8,2,512.401,485.184,25.4503,25.4561,30.0001,25.4517,25.4325,20.4024,17.1248,100,25.438,400,20.9857,98.4534,101.303
3,1649133223,636,20220405 14:33:43,14:33:43,1649133215,0.002192556,-2.744011817,400.6338345,418.8572404,38.02642824,36.37199572,0.166100262,3.150335817,0.161383916,0.101277537,1.652950453,25.10239427,24.99544667,3.178814519,60.00601013,1.980444065,3.30040951,1.198370454,-96.6917306,107.1877271,7.219509776,19.36845677,0,0,1,0,48230,MPF-3-20220405-14_28_27,5210.2,90.857,494.321,403.464,0.816198381,-3.334646096,MPF-4-20220405-14_33_44,5210.73,94.9916,462.646,0.794677572,0.5,8.437455159,-2.744011817,3.35252819,0.799393056,0.070001472,0.068464874,DARK-5-20220405-14_33_48,92.81,369.836,0.994101169,0.078889495,0.988879176,0.078507624,0.971270402,0.028729598,4,300,300,300,5210.73,433.54,-0.00431791,2.93,-,-,-,-,-,-,-,-,-,-,10.0094,8.437455159,0.84295314,0.19590628,2,0.5,0: Broadleaf,2,1649133215,400.6338333,399.8876667,21.81439,20.95658333,400.4755333,21.99826333,500.0490333,90.74861,0.037520853,25.62655333,24.99544667,999.9,0,0,10002.38167,0,0.21925,0.746015433,409.5682667,408.4474667,0.8578007,399.8876667,20.95658333,1.979625667,1.901782,17.28231333,16.64947,10.0094,0.900528533,0.099471597,0,95.00083333,0.100018,40.7835,95.30016667,30.6208,34.66633333,32.88746667,34.87913333,33.87073333,8.924333333,0.985333333,0,315.7,0,94.9916,0.13615388,4.854999985,40.7672,15,1649132800,14:26:39,1649132800,1649132799,3,0.016,0.004,0.158,-0.184,399,21,0.76,0.09,0.73733295,0.08244358,0.048944372,1,95.0146,-0.783604786,1.026933221,1,0.857605125,0.005178811,0.001412283,1,3,3,3-Mar,2.95371,2.79289,0.0884197,0.0889895,0.0958943,0.0936693,31994.3,27774.8,31210.3,29105.4,37258.1,37657.3,42520,44398.9,2.16482,2.02413,0.0758171,0,23.7364,999.9,69.875,25.317,24.9508,61.0801,37.0473,1,-0.125445,-0.630398,20.2877,5.25473,12.0279,4.99695,3.298,9999,8274.4,135.9,9999,1.88013,1.87537,1.87927,1.87836,1.87761,1.87256,1.87668,1.87393,5,0,0,0,11111111,oooooooo,off,off,off,off,0,100,100,0.158,-0.1839,0.15825,0,0,0,-0.18387,0,0,0,-1,-1,-1,-1,7.1,7.1,2,512.929,482.248,25.4363,25.4817,30.0001,25.4838,25.4649,20.7771,17.7133,100,25.4434,400,20.9039,98.4652,101.314
4,1649133547,960.0999999,20220405 14:39:07,14:39:07,1649133539,0.002421505,-2.505095236,400.580872,414.1701405,37.60220924,36.36844932,0.183754725,3.150050293,0.178000705,0.111752407,3.302880171,25.0811518,24.99873226,3.179437273,59.88529724,1.979438862,3.305383714,1.199998411,-106.7883643,110.9305719,7.473359919,14.9184477,0,0,1,0,48062,MPF-3-20220405-14_28_27,5210.2,90.857,494.321,403.464,0.816198381,-3.334646096,MPF-6-20220405-14_39_08,5211.61,95.63557692,448.746,0.786882609,0.5,16.85137996,-2.505095236,6.63002891,0.798148619,0.049227474,0.101560794,DARK-7-20220405-14_39_13,90.58,358.166,0.985884822,0.112881773,0.98664788,0.112959273,0.93376806,0.06623194,6,300,300,300,5211.61,417.27,-0.0043094,0.44,-,-,-,-,-,-,-,-,-,-,19.98976774,16.85137996,0.843000288,0.196000576,2,0.5,0: Broadleaf,2,1649133539,400.580871,399.9669032,21.80256129,20.85518065,400.291871,21.97956129,500.0545161,90.75204516,0.037235758,25.65193548,24.99873226,999.9,0,0,10000.86419,0,0.21925,0.483100129,409.3726774,408.486,0.94050971,399.9669032,20.85518065,1.978002903,1.892649355,17.26933871,16.57373871,19.98976774,0.89946229,0.100537719,0,95.76,0.100018,51.34306452,191.2127419,30.70319355,34.73780645,32.96945161,34.94119355,33.94919355,17.88935484,1.999032258,0,323.2,0,95.63557692,0.874700847,2.890940204,51.32307692,15,1649133568,14:39:27,1649133565,1649133568,4,0.131,0.007,0.289,-0.177,400,21,0.48,0.1,0.4808968,-0.0578314,0.023353182,1,95.7544,0.965917285,1.019477631,1,0.94021545,0.004651385,0.000928576,1,3,3,3-Mar,2.95344,2.79308,0.0884008,0.089017,0.0958396,0.0933511,31998.8,27779.2,31214,29110.9,37264.4,37679,42524.6,44408.9,2.16485,2.02222,0.0752881,0,23.7633,999.9,69.228,25.629,25.1794,61.121,37.3317,1,-0.127251,-0.647851,20.2872,5.25637,12.0279,4.9973,3.298,9999,8281.4,136,9999,1.88005,1.87531,1.87922,1.87836,1.8776,1.87256,1.87666,1.87388,5,0,0,0,11111111,oooooooo,off,off,off,off,0,100,100,0.289,-0.177,0.15825,0,0,0,-0.18387,0,0,0,-1,-1,-1,-1,12.5,12.5,2,512.904,480.942,25.5095,25.4731,30.0001,25.4795,25.4628,20.9096,18.8221,100,25.5035,400,20.8285,98.4762,101.336
5,1649133880,1293.1,20220405 14:44:40,14:44:40,1649133872,0.002564636,-1.605304519,400.2437673,405.0379351,36.77394474,36.33867573,0.196788723,3.151455742,0.190208039,0.11945294,6.608105017,25.06925883,24.99766667,3.179235288,60.18636934,1.98991508,3.30625539,1.189320208,-113.1004325,111.9162398,7.536529774,12.96044205,0,0,1,0,48283,MPF-3-20220405-14_28_27,5210.2,90.857,494.321,403.464,0.816198381,-3.334646096,MPF-8-20220405-14_44_41,5213.18,96.9576,436.253,0.77774915,0.5,33.71537251,-1.605304519,13.11105116,0.793835229,0.051292376,0.133106248,DARK-9-20220405-14_44_46,89.94,346.313,0.97973625,0.143597251,0.982337375,0.143923621,0.908824871,0.091175129,8,300,300,300,5213.18,401.93,-0.00429413,-0.97,-,-,-,-,-,-,-,-,-,-,39.99458667,33.71537251,0.842998398,0.195996797,2,0.5,0: Broadleaf,2,1649133872,400.2437667,400.0122667,21.91745,20.91421,399.9548667,22.09471667,500.0648667,90.75422,0.037139413,25.65638,24.99766667,999.9,0,0,10006.23067,0,0.2250509,0.231528733,409.2126,408.5568,1.003243333,400.0122667,20.91421,1.989101333,1.898052333,17.35784667,16.61858,39.99458667,0.899799667,0.10020031,0,97.05083333,0.100018,71.3435,383.5758333,30.875,34.812,33.13326667,35.01033333,34.0704,35.89733333,3.997333333,0,331.9000001,0,96.9576,-0.419230797,-3.374999942,71.4352,15,1649133568,14:39:27,1649133565,1649133568,4,0.131,0.007,0.289,-0.177,400,21,0.48,0.1,0.2372589,0.081242657,0.062336112,1,96.80769231,0.585034113,1.042887293,1,0.99962465,0.05801588,0.007794226,1,3,3,3-Mar,2.95388,2.79261,0.0883432,0.0890296,0.0961673,0.0935239,32003.8,27783.3,31217,29115.5,37254,37679.1,42528.1,44417.5,2.16525,2.0194,0.0736788,0,23.7871,999.9,68.661,25.921,25.4097,60.731,37.0553,1,-0.12815,-0.63469,20.2874,5.25323,12.0279,4.99735,3.298,9999,8288.5,136.1,9999,1.88005,1.87531,1.87926,1.87836,1.87761,1.87256,1.87667,1.87385,5,0,0,0,11111111,oooooooo,off,off,off,off,0,100,100,0.289,-0.1773,0.2889,0,0,0,-0.177257143,0,0,0,-1,-1,-1,-1,5.2,5.2,2,513.092,478.975,25.4395,25.4666,30.0001,25.4731,25.4564,20.9535,19.3813,100,25.4423,400,20.859,98.4849,101.354
6,1649134206,1618.6,20220405 14:50:05,14:50:05,1649134198,0.002650436,-0.308024691,399.6950001,393.6596911,35.74212856,36.29010133,0.203091633,3.151561369,0.19609095,0.123165723,13.2182227,25.10501306,25.00105667,3.179877907,60.04423059,1.987589618,3.310209154,1.19228829,-116.884225,114.7670654,7.729162751,18.8302259,0,0,1,0,48255,MPF-3-20220405-14_28_27,5210.2,90.857,494.321,403.464,0.816198381,-3.334646096,MPF-10-20220405-14_50_06,5216.67,101.0696154,416.938,0.75759078,0.5,67.44424765,-0.308024691,25.54757009,0.778456269,0.044875901,0.185598338,DARK-11-20220405-14_50_12,92.37,324.568,0.973196324,0.192518491,0.968680741,0.191796542,0.889427986,0.110572014,10,300,300,300,5216.67,382.91,-0.00426214,-5.34,-,-,-,-,-,-,-,-,-,-,80.00563667,67.44424765,0.8429937,0.195987399,2,0.5,0: Broadleaf,2,1649134198,399.695,399.9955,21.89108333,20.85424333,399.318,22.06408333,500.0607667,90.75695333,0.037530763,25.67652667,25.00105667,999.9,0,0,10006.35067,0,0.21925,-0.3885264,408.5487333,408.5147333,1.032566,399.9955,20.85424333,1.986380667,1.892668667,17.33618667,16.57390333,80.00563667,0.900080467,0.09991992,0,100.9985,0.100018,112.09,768.3446667,31.062,34.93286667,33.25,35.1166,34.1933,71.921,7.983666667,0,324.8,0,101.0696154,4.972649579,-6.706495743,111.9998077,15,1649134226,14:50:25,1649134225,1649134226,5,0.088,0.005,0.377,-0.173,400,21,0.29,0.09,-0.3820976,-0.151467152,0.035815413,1,101.0398077,4.272169811,0.981109537,0,1.032493,0.008298011,0.001592294,1,2,3,2-Mar,2.95368,2.79281,0.0882367,0.0890324,0.0961075,0.0933574,32009.2,27786.7,31218.6,29119.2,37257.6,37691.3,42529.5,44423.7,2.16525,2.01695,0.0749305,0,23.7669,999.9,68.337,26.173,25.6658,60.661,37.0353,1,-0.129182,-0.548203,20.287,5.25398,12.0279,4.99725,3.298,9999,8295.5,136.2,9999,1.88012,1.87534,1.87927,1.87836,1.87763,1.87256,1.87668,1.87393,5,0,0,0,11111111,oooooooo,off,off,off,off,0,100,100,0.377,-0.173,0.2889,0,0,0,-0.177257143,0,0,0,-1,-1,-1,-1,10.7,10.6,2,513.013,477.244,25.3909,25.4602,30.0002,25.4645,25.4479,20.965,20.7928,99.253,25.3883,400,20.8208,98.4889,101.367
7,1649134538,1951.1,20220405 14:55:38,14:55:38,1649134530,0.002742611,2.044189781,398.7555992,374.4349699,33.99905321,36.20738959,0.210721158,3.149057535,0.20318934,0.127647613,24.78596023,25.15875245,25.00619,3.180851214,60.07563762,1.990135703,3.312716738,1.190715512,-120.9491456,115.9718122,7.817211988,27.62583882,0,0,1,0,48158,MPF-3-20220405-14_28_27,5210.2,90.857,494.321,403.464,0.816198381,-3.334646096,MPF-12-20220405-14_55_39,5223.04,107.6498077,404.206,0.733675879,0.5,126.4621123,2.044189781,46.39110071,0.774199294,0.042533181,0.222943252,DARK-13-20220405-14_55_44,91.27,312.936,0.947657643,0.223582127,0.946408612,0.223353261,0.803463703,0.196536297,12,300,300,300,5223.04,367.94,-0.00420693,-6.91,-,-,-,-,-,-,-,-,-,-,150.0148,126.4621123,0.842997573,0.195995146,2,0.5,0: Broadleaf,2,1649134530,398.7556,400.0106,21.91756333,20.84467333,398.3785,22.0902,500.0512,90.76370333,0.037252617,25.68929333,25.00619,999.9,0,0,9995.620667,0,0.21925,-1.255027333,407.6912,408.5262333,1.072886333,400.0106,20.84467333,1.989318667,1.891940333,17.35957667,16.56785333,150.0148,0.9000121,0.0999879,0,107.821,0.100018,188.1541667,1441.496,31.1954,34.9538,33.3204,35.1374,34.3372,134.9253333,14.98933333,0,331.4000001,0,107.6498077,0.795384676,0.785640944,188.2323077,15,1649134226,14:50:25,1649134225,1649134226,5,0.088,0.005,0.377,-0.173,400,21,0.29,0.09,-1.246269,-0.101213809,0.040447955,1,107.6313462,0.083627763,1.269994365,1,1.07452025,-0.043498874,0.00739795,1,3,3,3-Mar,2.95357,2.79278,0.0880782,0.0890362,0.0961663,0.0933293,32016.6,27789,31220.4,29121.7,37257,37696.6,42531.5,44428.6,2.16478,2.01463,0.0770465,0,23.7354,999.9,68.124,26.415,25.9553,61.141,36.9992,1,-0.128427,-0.540618,20.2863,5.25443,12.0279,4.9973,3.298,9999,8302.4,136.3,9999,1.88012,1.87538,1.87927,1.87843,1.87761,1.87256,1.87668,1.87393,5,0,0,0,11111111,oooooooo,off,off,off,off,0,100,100,0.377,-0.1726,0.3771,0,0,0,-0.172635,0,0,0,-1,-1,-1,-1,5.2,5.2,2,512.819,475.788,25.3638,25.4731,30.0002,25.4752,25.4585,20.9705,21.9135,97.3894,25.3598,400,20.8065,98.494,101.378
8,1649134863,2275.6,20220405 15:01:02,15:01:02,1649134855,0.002798432,6.104521586,397.1075459,342.3260435,31.08262643,36.0566943,0.215274094,3.150017533,0.207422113,0.130320429,49.56981405,25.3045055,25.00362581,3.180364997,59.99877102,1.990240682,3.317135748,1.190124315,-123.4108493,120.2598635,8.104594667,54.52342284,0,0,1,0,48303,MPF-3-20220405-14_28_27,5210.2,90.857,494.321,403.464,0.816198381,-3.334646096,MPF-14-20220405-15_01_03,5236.53,118.4315385,389.319,0.695798205,0.5,252.9078893,6.104521586,87.98642775,0.767722613,0.037322551,0.269706847,DARK-15-20220405-15_01_09,90.43,298.889,0.90631459,0.259976083,0.907611225,0.260251224,0.69202874,0.30797126,14,300,300,300,5236.53,345.24,-0.00408898,-9.48,-,-,-,-,-,-,-,-,-,-,300.0094516,252.9078893,0.842999739,0.195999477,2,0.5,0: Broadleaf,2,1649134855,397.1075484,399.9935161,21.91935806,20.82465484,396.6255484,22.08835806,500.0610323,90.76122581,0.037084806,25.71177097,25.00362581,999.9,0,0,9999.721935,0,0.21925,-2.990927742,405.8983226,408.5006452,1.091073871,399.9935161,20.82465484,1.989098387,1.890071935,17.35782903,16.55229677,300.0094516,0.899976839,0.100023177,0,118.4054839,0.100018,372.8393548,2883.72129,31.633,35.175,33.633,35.32012903,34.69106452,269.9116129,29.9983871,0,323.5,0,118.4315385,0.993504267,-2.757606776,372.7673077,15,1649134884,15:01:23,1649134884,1649134882,6,0.105,0.004,0.482,-0.169,400,21,0.25,0.07,-2.990672,0.085702514,0.039129263,1,118.3834,2.337405405,1.24612818,1,1.091154,-0.00277621,0.000827236,1,3,3,3-Mar,2.95347,2.79263,0.0877818,0.089027,0.0961906,0.0932675,32029.6,27790.8,31222.9,29123.4,37259.1,37702.6,42535.1,44432.6,2.165,2.01257,0.0790134,0,23.7015,999.9,67.922,26.626,26.2014,60.631,37.5561,1,-0.128661,-0.464744,20.2852,5.25368,12.0279,4.99705,3.298,9999,8309.3,136.4,9999,1.88019,1.87545,1.87928,1.87846,1.8777,1.87268,1.87668,1.87393,5,0,0,0,11111111,oooooooo,off,off,off,off,0,100,100,0.482,-0.169,0.3771,0,0,0,-0.172635,0,0,0,-1,-1,-1,-1,10.6,10.6,2,512.997,474.459,25.1943,25.4774,30.0002,25.4795,25.4628,20.9754,22.7448,94.7715,25.1946,400,20.7796,98.5022,101.385
9,1649135195,2608,20220405 15:06:35,15:06:35,1649135187,0.002927586,9.252310956,395.8309962,320.3867139,29.09170375,35.94218354,0.225881948,3.151845805,0.217258553,0.136533944,74.35166815,25.47315991,25.00756774,3.181112486,59.83929653,1.992403306,3.329590122,1.188709179,-129.1065384,130.400574,8.785871021,84.43157482,0,0,1,0,48329,MPF-3-20220405-14_28_27,5210.2,90.857,494.321,403.464,0.816198381,-3.334646096,MPF-16-20220405-15_06_36,5249.66,124.3878,367.019,0.661086211,0.5,379.3463866,9.252310956,125.3903326,0.751320776,0.033180643,0.346853978,DARK-17-20220405-15_06_41,91.27,275.749,0.879898748,0.315845886,0.878582861,0.315522575,0.645628902,0.354371098,16,300,300,300,5249.66,318.72,-0.00397185,-5.8,-,-,-,-,-,-,-,-,-,-,449.995871,379.3463866,0.842999705,0.195999411,2,0.5,0: Broadleaf,2,1649135187,395.831,399.9949032,21.94232258,20.79713548,395.3485484,22.11095806,500.0663871,90.7647871,0.037054823,25.77498065,25.00756774,999.9,0,0,10006.62161,0,0.222786194,-4.163902581,404.7113226,408.4903226,1.145185484,399.9949032,20.79713548,1.991589677,1.887647742,17.37762903,16.53211935,449.995871,0.89999,0.100010145,0,124.4835484,0.100018,566.2809677,4325.909032,32.137,35.427,34.004,35.49993548,35.05806452,404.9006452,44.99516129,0,331.8999999,0,124.3878,3.172307723,-2.690384667,566.4012,15,1649134884,15:01:23,1649134884,1649134882,6,0.105,0.004,0.482,-0.169,400,21,0.25,0.07,-4.15696439,-0.314375958,0.04597328,1,124.4084,0.41090715,1.158394337,1,1.144759268,0.014313031,0.002296935,1,3,3,3-Mar,2.95346,2.79264,0.0875671,0.0890339,0.0962557,0.0931726,32040.3,27796.2,31225.8,29129.1,37259.1,37714.7,42538.1,44442.1,2.16555,2.01047,0.0864826,0,23.6019,999.9,67.696,26.838,26.4414,60.421,37.3237,1,-0.132142,-0.490607,20.2836,5.25398,12.0279,4.99715,3.298,9999,8316.4,136.5,9999,1.88017,1.87545,1.8793,1.8785,1.87773,1.87266,1.87669,1.87393,5,0,0,0,11111111,oooooooo,off,off,off,off,0,100,100,0.483,-0.1687,0.48235,0,0,0,-0.168635,0,0,0,-1,-1,-1,-1,5.2,5.2,2,513.039,472.768,25.2005,25.4366,30,25.4475,25.433,20.9724,23.6565,91.7846,25.1859,400,20.7561,98.5101,101.406
10,1649135520,2932.5,20220405 15:11:59,15:11:59,1649135512,0.00300919,11.44483443,394.937963,306.7775568,27.85517907,35.86007984,0.234900198,3.148469824,0.225580192,0.141794174,99.13802506,25.60927047,25.0080871,3.18121098,60.13477684,2.004557386,3.333441132,1.176653594,-132.7052595,133.4832284,9.004118411,108.9201124,0,0,1,0,48158,MPF-3-20220405-14_28_27,5210.2,90.857,494.321,403.464,0.816198381,-3.334646096,MPF-18-20220405-15_12_00,5262.5,124.38,326.653,0.619228968,0.5,505.8083735,11.44483443,156.6055985,0.726621216,0.029219525,0.513290862,DARK-19-20220405-15_12_05,89.3,237.353,0.852203258,0.413973596,0.857830498,0.415571154,0.611848778,0.388151222,18,300,300,300,5262.5,276.79,-0.00385355,-2.64,-,-,-,-,-,-,-,-,-,-,600.0102258,505.8083735,0.842999589,0.195999177,2,0.5,0: Broadleaf,2,1649135512,394.9379677,399.9908387,22.0768,20.8998,394.4129677,22.2438,500.0435484,90.76230968,0.036963132,25.79448387,25.0080871,999.9,0,0,9993.430645,0,0.21925,-5.095489032,403.8094839,408.529,1.175364194,399.9908387,20.8998,2.003591613,1.896913226,17.47276452,16.60913548,600.0102258,0.899997806,0.100002471,0,124.3901613,0.100018,738.5896774,5768.364516,32.758,35.796,34.512,35.8483871,35.57419355,539.9183871,59.99290323,0,323.5,0,124.38,3.814358986,-0.621709492,738.4548077,15,1649135541,15:12:21,1649135536,1649135541,7,0.043,0.002,0.525,-0.167,400,21,0.43,0.09,-5.091314878,-0.076005157,0.033210151,1,124.3622,3.852324324,1.088578045,1,1.173932195,0.030332822,0.004401001,1,3,3,3-Mar,2.95358,2.79243,0.0874127,0.0890319,0.0966489,0.0935001,32046.4,27797.7,31226.5,29130.5,37242.9,37703.5,42538.1,44445,2.16537,2.00865,0.0847131,0,23.619,999.9,67.397,27.039,26.6367,61.051,37.4559,1,-0.13205,-0.329668,20.2825,5.25308,12.0279,4.9974,3.298,9999,8323.4,136.6,9999,1.88013,1.87536,1.87927,1.87846,1.87765,1.87256,1.87668,1.87391,5,0,0,0,11111111,oooooooo,off,off,off,off,0,100,100,0.525,-0.167,0.48235,0,0,0,-0.168635,0,0,0,-1,-1,-1,-1,10.6,10.6,2,512.912,471.533,24.9918,25.4431,30,25.4454,25.4309,20.9738,23.6515,88.4319,24.9843,400,20.8402,98.511,101.412
11,1649135853,3265.5,20220405 15:17:32,15:17:32,1649135845,0.003119568,13.10505729,394.2806612,297.4422454,27.00563378,35.79787104,0.242929431,3.148780444,0.232976847,0.146470753,123.9178798,25.76904829,24.99304667,3.178359689,59.73990057,1.997291114,3.343311748,1.181068575,-137.572955,144.5204022,9.749380969,140.6147079,0,0,1,0,48268,MPF-3-20220405-14_28_27,5210.2,90.857,494.321,403.464,0.816198381,-3.334646096,MPF-20-20220405-15_17_33,5275.51,120.5821154,284.871,0.576713265,0.5,632.2366615,13.10505729,182.3096348,0.693966743,0.026002452,0.735245076,DARK-21-20220405-15_17_38,87.18,197.691,0.831038766,0.514440943,0.846788812,0.51912934,0.600835036,0.399164964,20,300,300,300,5275.51,237.99,-0.00373547,-2.57,-,-,-,-,-,-,-,-,-,-,749.9845333,632.2366615,0.8429996,0.1959992,2,0.5,0: Broadleaf,2,1649135845,394.2806667,400.0141333,21.99832667,20.77806667,393.7555667,22.16502667,500.048,90.75591,0.036955497,25.84438333,24.99304667,999.9,0,0,9995.374,0,0.222812733,-5.733327667,403.1494,408.5021,1.220258,400.0141333,20.77806667,1.996477333,1.885733,17.41644,16.51616667,749.9845333,0.900000267,0.099999773,0,120.5173333,0.100018,883.9191667,7210.433333,33.30786667,36.0809,34.88326667,36.1208,35.99166667,674.895,74.98833333,0,332.3999999,0,120.5821154,-0.715042776,0.655555503,883.9551923,15,1649135541,15:12:21,1649135536,1649135541,7,0.043,0.002,0.525,-0.167,400,21,0.43,0.09,-5.724111707,-0.081846272,0.033879125,1,120.5748077,0.378557264,0.833326837,1,1.224643415,-0.112973937,0.012963983,0,2,3,2-Mar,2.95362,2.79241,0.0872908,0.0890213,0.0964717,0.093201,32052.6,27800.1,31228.3,29132.6,37252.1,37718.9,42540.4,44448.5,2.16575,2.00627,0.0853837,0,23.5939,999.9,66.988,27.251,26.8091,60.9911,37.5401,1,-0.133303,-0.374129,20.281,5.25338,12.0279,4.9962,3.298,9999,8330.4,136.7,9999,1.88007,1.87536,1.87924,1.8784,1.87759,1.87256,1.87667,1.87384,5,0,0,0,11111111,oooooooo,off,off,off,off,0,100,100,0.525,-0.1667,0.525190476,0,0,0,-0.1667,0,0,0,-1,-1,-1,-1,5.3,5.2,2,513.024,469.833,24.9339,25.426,30.0001,25.4325,25.4181,20.9643,24.0516,84.3345,24.9368,400,20.8152,98.5164,101.42
12,1649136177,3590,20220405 15:22:57,15:22:57,1649136169,0.003231274,14.1430284,393.8437361,294.5380163,26.74132368,35.7573632,0.255232942,3.150705411,0.244277547,0.153618578,148.7023015,25.92204719,24.99603226,3.178925505,60.03380278,2.012290882,3.351929728,1.166634623,-142.4991914,151.48408,10.2152954,167.9024856,0,0,1,0,48190,MPF-3-20220405-14_28_27,5210.2,90.857,494.321,403.464,0.816198381,-3.334646096,MPF-22-20220405-15_22_58,5288.3,115.4546,246.563,0.531744017,0.5,758.6856701,14.1430284,201.7132828,0.65797788,0.02303678,1.004846631,DARK-23-20220405-15_23_03,84.33,162.233,0.808148774,0.60430107,0.842025355,0.614077092,0.590285585,0.409714415,22,300,300,300,5288.3,208.32,-0.00361739,-2.32,-,-,-,-,-,-,-,-,-,-,899.9830645,758.6856701,0.842999941,0.195999882,2,0.5,0: Broadleaf,2,1649136169,393.8437419,400.009129,22.16405484,20.90037097,393.2057419,22.32805484,500.0706452,90.75395806,0.0367793,25.88784516,24.99603226,999.9,0,0,10003.26645,0,0.222786194,-6.27814129,402.6542581,408.5478387,1.260985484,400.009129,20.90037097,2.011230968,1.896790645,17.53301935,16.60812903,899.9830645,0.899991,0.100009,0,115.4893548,0.100018,1012.638065,8652.7,33.917,36.44309677,35.39506452,36.45732258,36.512,809.8858065,89.99645161,0,323.8999999,0,115.4546,-7.936538465,8.118461476,1012.358,15,1649136198,15:23:18,1649136196,1649136198,8,0.112,0.002,0.638,-0.164,400,21,0.31,0.08,-6.273470244,0.045756585,0.036708295,1,115.5252,-7.181366062,1.194759792,0,1.260946585,-0.007125157,0.001824851,1,2,3,2-Mar,2.95362,2.79216,0.0871951,0.0890357,0.0969212,0.0935157,32057.9,27800,31230.2,29132.9,37235.7,37706.8,42542.8,44449.7,2.1657,2.0046,0.0874698,0,23.5583,999.9,66.488,27.422,26.8791,60.7711,37.512,1,-0.133628,-0.2922,20.2799,5.25308,12.0279,4.997,3.298,9999,8337.1,136.8,9999,1.88019,1.87546,1.87929,1.8785,1.87767,1.8726,1.87668,1.87393,5,0,0,0,11111111,oooooooo,off,off,off,off,0,100,100,0.638,-0.164,0.525190476,0,0,0,-0.1667,0,0,0,-1,-1,-1,-1,10.7,10.6,2,512.915,468.641,24.8129,25.4217,30.0001,25.424,25.4096,20.9623,23.7466,80.6048,24.8157,400,20.8804,98.5222,101.422
1,1649139415,0,20220405 16:16:55,16:16:55,1649139407,0.002845226,14.30362958,393.8250645,281.4376873,25.55140297,35.7549233,0.225458992,2.851442936,0.216002871,0.13581834,198.276352,26.40247891,25.00260968,3.180172339,59.95635172,2.018525702,3.36665865,1.161646637,-125.4744456,147.4688153,10.99267496,231.2633967,0,0,1,0,48152.6645,MPF-3-20220405-14_28_27,5210.2,90.857,494.321,403.464,0.816198381,-3.334646096,MPF-22-20220405-16_16_55,5310.97,103.7063462,184.634,0.438313928,0.5,1011.615348,14.30362958,221.7025487,0.571259898,0.017435753,1.677302122,DARK-23-20220405-16_16_59,79.16,105.474,0.767275858,0.745944344,0.86297977,0.767570341,0.585668661,0.414331339,22,300,300,300,5310.97,154.71,-0.00337966,-1.01,-,-,-,-,-,-,-,-,-,-,1200.018387,1011.615348,0.842999873,0.195999747,2,0.5,0: Broadleaf,2,1649139407,393.8250645,399.9940645,22.23319032,21.12052258,393.0435484,22.39122258,500.0535161,90.75283548,0.036010939,25.9619,25.00260968,999.9,0,0,9999.675806,0,0.268536548,-6.169052258,402.7802903,408.6244194,1.112670968,399.9940645,21.12052258,2.017725806,1.916747097,17.58412903,16.77287742,1200.018387,0.899995645,0.100004313,0,103.6829032,0.100018,1214.783871,11537.66452,36.312,38.35467742,37.57419355,38.25,38.59451613,1079.921613,119.9967742,0,1649139415,0,103.7063462,2.525982898,-1.722735006,1214.752692,15,1649139303,16:15:02,1649139298,1649139303,3,0.088,0.004,0.781,-0.158,400,21,0.39,0.08,-6.18122775,0.24017122,0.039283257,1,103.6366,-1.911567568,1.188253946,1,1.11308175,-0.005858949,0.001252825,1,3,3,3-Mar,2.95372,2.79178,0.0871681,0.08902,0.0970952,0.0941851,32069.5,27794.4,31240.9,29127.1,37238.7,37676.9,42554.6,44447.4,2.16472,1.98582,0.0800937,0,23.6855,999.9,56.446,29.457,25.6828,60.8091,36.0256,1,-0.131065,0.187135,20.2243,5.25278,12.0279,4.9958,3.298,8397.1,137.6,9999,9999,1.88072,1.87592,1.87992,1.87897,1.8782,1.87317,1.87717,1.87441,5,0,0,0,11111111,oooooooo,off,off,off,off,0,100,100,0.781,-0.1581,0.78145,0,0,0,-0.15803,0,0,0,-1,-1,-1,-1,2,1.9,2,512.748,456.727,24.2574,25.503,29.9999,25.4709,25.45,20.9326,15.5395,44.7163,24.2529,400,21.1097,98.5521,101.411
2,1649139738,322.9000001,20220405 16:22:18,16:22:18,1649139730,0.002898261,15.08682773,393.5127419,277.5902784,25.20233483,35.72689916,0.230140668,2.851598589,0.220297485,0.138535216,247.8401406,26.73056238,24.99779355,3.179259338,59.82073224,2.019013596,3.37510679,1.160245742,-127.8133013,154.7277202,11.53531983,286.2898793,0,0,1,0,48150.27621,MPF-3-20220405-14_28_27,5210.2,90.857,494.321,403.464,0.816198381,-3.334646096,MPF-24-20220405-16_22_18,5338,99.48923077,156.344,0.36365175,0.5,1264.492678,15.08682773,229.9174877,0.508711559,0.014568272,2.16175229,DARK-25-20220405-16_22_22,76.81,79.534,0.714848609,0.80950442,0.868184055,0.837688121,0.551894122,0.448105878,24,300,300,300,5338,133.2,-0.00314529,-1.07,-,-,-,-,-,-,-,-,-,-,1499.991613,1264.492678,0.842999832,0.195999664,2,0.5,0: Broadleaf,2,1649139730,393.5127419,400.0028387,22.23835806,21.10498065,392.7312903,22.39638065,500.0643548,90.75417742,0.035510829,26.00424839,24.99779355,999.9,0,0,10000.48129,0,0.270525742,-6.490040645,402.4628065,408.626871,1.13338,400.0028387,21.10498065,2.018223871,1.915365161,17.58803871,16.76151613,1499.991613,0.899999452,0.100000558,0,99.49612903,0.100018,1458.226129,14422.04194,36.97351613,38.562,37.98164516,38.43906452,39.06606452,1349.899677,149.9906452,0,322.2,0,99.48923077,5.440000009,-2.313504327,1458.071923,15,1649139303,16:15:02,1649139298,1649139303,3,0.088,0.004,0.781,-0.158,400,21,0.39,0.08,-6.498396585,0.070988362,0.032734176,1,99.4428,4.888568399,0.889903455,0,1.133017561,0.002724878,0.001149491,1,2,3,2-Mar,2.95361,2.79104,0.0871191,0.0890361,0.0971178,0.0941552,32076.3,27797.9,31245.6,29131,37243.2,37682.7,42560.7,44452.7,2.1651,1.98507,0.085149,0,23.5989,999.9,56.055,29.628,25.7556,60.2791,36.3702,1,-0.134644,0.264349,20.2214,5.25293,12.0279,4.99735,3.298,8404,137.6,9999,9999,1.88074,1.87594,1.87998,1.87903,1.87821,1.87318,1.87724,1.87441,5,0,0,0,11111111,oooooooo,off,off,off,off,0,100,100,0.782,-0.158,0.78145,0,0,0,-0.15803,0,0,0,-1,-1,-1,-1,7.3,7.3,2,512.593,455.882,24.0638,25.4538,30,25.4292,25.4117,20.9337,15.822,44.3448,24.0613,400,21.1166,98.5667,101.424
3,1649140063,647.4000001,20220405 16:27:42,16:27:42,1649140055,0.002947997,15.49189178,393.3319032,277.4189354,25.18689131,35.7106406,0.236429101,2.853098691,0.226058886,0.14218062,297.4102512,27.09134183,25.00577419,3.180772366,59.90413016,2.030774965,3.390041654,1.149997401,-130.0066768,165.0622097,12.30442229,344.7702064,0,0,1,0,48180.69693,MPF-3-20220405-14_28_27,5210.2,90.857,494.321,403.464,0.816198381,-3.334646096,MPF-26-20220405-16_27_43,5364.12,98.0714,137.275,0.285584411,0.5,1517.405768,15.49189178,216.6737161,0.462174467,0.012407056,2.600954289,DARK-27-20220405-16_27_47,73.83,63.445,0.617914729,0.849116866,0.844577535,0.884951322,0.465177865,0.534822135,26,300,300,300,5364.12,122.47,-0.00291081,-1.05,-,-,-,-,-,-,-,-,-,-,1800.007742,1517.405768,0.842999578,0.195999157,2,0.5,0: Broadleaf,2,1649140055,393.3319032,399.9915806,22.36780323,21.21513548,392.5049032,22.52280323,500.0672581,90.75451613,0.035578203,26.0788871,25.00577419,999.9,0,0,10009.63548,0,0.21925,-6.705228387,402.2832581,408.6613871,1.149644839,399.9915806,21.21513548,2.029703871,1.925368065,17.67798065,16.84358387,1800.007742,0.900008452,0.099992,0,98.10758065,0.100018,1726.520968,17306.86452,37.875,38.94512903,38.62690323,38.80206452,39.758,1619.932258,179.9754839,0,323.9000001,0,98.0714,2.716538462,-3.095384557,1726.6,15,1649140085,16:28:04,1649140085,1649140085,4,0.046,0.003,0.827,-0.155,400,21,0.28,0.1,-6.700278049,-0.069116237,0.02134525,1,98.0272,0.636712619,0.946884449,1,1.149750244,-0.001718049,0.000802154,1,3,3,3-Mar,2.95366,2.79077,0.0870927,0.08905,0.0975177,0.0945098,32083.4,27800.9,31251.5,29134.3,37233.7,37672.9,42568.6,44458.4,2.16545,1.985,0.0894293,0,23.5401,999.9,55.537,29.819,25.8015,60.2191,36.0136,1,-0.138819,0.380588,20.2179,5.25248,12.0279,4.99575,3.298,8410.8,137.7,9999,9999,1.88077,1.87593,1.87998,1.87901,1.87821,1.87317,1.87724,1.87444,5,0,0,0,11111111,oooooooo,off,off,off,off,0,100,100,0.827,-0.155,0.78145,0,0,0,-0.15803,0,0,0,-1,-1,-1,-1,12.7,12.7,2,512.327,455.337,23.8544,25.4046,30.0001,25.3773,25.3586,20.942,15.2439,43.9723,23.8535,400,21.2141,98.5851,101.436
4,1649140396,980.9000001,20220405 16:33:16,16:33:16,1649140388,0.002974532,15.79996858,393.2061333,277.2540914,25.17280034,35.7004632,0.24107477,2.850843995,0.230294885,0.14486266,346.9781403,27.45127641,24.99738,3.179180952,59.9461858,2.040185486,3.403361631,1.138995465,-131.1768537,176.4159015,13.16501175,405.3821998,0,0,1,0,48106.32693,MPF-3-20220405-14_28_27,5210.2,90.857,494.321,403.464,0.816198381,-3.334646096,MPF-28-20220405-16_33_16,5389.74,98.327,128.725,0.236146825,0.5,1770.29537,15.79996858,209.0248151,0.433909497,0.010808713,2.840132064,DARK-29-20220405-16_33_20,72.87,55.855,0.544230597,0.867469765,0.802735819,0.906142803,0.403328522,0.596671478,28,300,300,300,5389.74,114.64,-0.00267727,-0.69,-,-,-,-,-,-,-,-,-,-,2099.994333,1770.29537,0.84300007,0.19600014,2,0.5,0: Broadleaf,2,1649140388,393.2061333,399.9933,22.47067333,21.30771,392.3788333,22.62567333,500.0488,90.75749333,0.03575777,26.14521333,24.99738,999.9,0,0,9995.495,0,0.21925,-6.787277,402.2448333,408.7018667,1.162969333,399.9933,21.30771,2.039382333,1.933834667,17.75345667,16.91274,2099.994333,0.899992867,0.1000071,0,98.5515,0.100018,2010.833,20191.24667,38.9288,39.5206,39.40813333,39.26653333,40.60386667,1889.89,210.0043333,0,333,0,98.327,0.434230744,-3.600000002,2010.8084,15,1649140085,16:28:04,1649140085,1649140085,4,0.046,0.003,0.827,-0.155,400,21,0.28,0.1,-6.787875122,0.044763136,0.041931595,1,98.425,0.358959986,1.347377453,1,1.163477561,-0.008794704,0.001419184,1,3,3,3-Mar,2.95385,2.79108,0.0870899,0.0890581,0.0978433,0.094819,32088.3,27806.1,31256,29139.6,37224.9,37666.4,42573.9,44466,2.16637,1.98463,0.0929534,0,23.4583,999.9,55.146,29.97,25.8421,60.8692,36.0938,1,-0.143801,0.482064,20.2145,5.25263,12.0279,4.9969,3.298,8417.7,137.8,9999,9999,1.88079,1.87594,1.87997,1.87904,1.87823,1.87318,1.87728,1.87442,5,0,0,0,11111111,oooooooo,off,off,off,off,0,100,100,0.827,-0.155,0.82715,0,0,0,-0.155,0,0,0,-1,-1,-1,-1,5.2,5.2,2,512.402,454.6,23.5956,25.3533,30,25.324,25.3056,20.9486,14.9842,43.6007,23.6083,400,21.2886,98.5981,101.454
5,1649140722,1306.9,20220405 16:38:42,16:38:42,1649140714,0.002958329,15.85500868,393.195,277.4738202,25.193451,35.70044539,0.242316527,2.852366965,0.231433531,0.145583015,396.5467728,27.80802142,25.00444333,3.180520008,60.14367844,2.053362529,3.41409535,1.127157479,-130.462324,183.61771,13.69928614,463.4014449,0,0,1,0,48140.86857,MPF-3-20220405-14_28_27,5210.2,90.857,494.321,403.464,0.816198381,-3.334646096,MPF-30-20220405-16_38_42,5414.69,97.8208,124.847,0.216474565,0.5,2023.20078,15.85500868,218.9857542,0.421131465,0.0094848,2.959414323,DARK-31-20220405-16_38_46,72.27,52.577,0.51403085,0.875425008,0.795122095,0.915754565,0.379765955,0.620234045,30,300,300,300,5414.69,111.47,-0.00244285,-1.08,-,-,-,-,-,-,-,-,-,-,2400.001333,2023.20078,0.842999857,0.195999713,2,0.5,0: Broadleaf,2,1649140714,393.195,400.0016333,22.61517667,21.45871667,392.279,22.77317667,500.0477667,90.76019333,0.035583283,26.19849667,25.00444333,999.9,0,0,10004.52533,0,0.21925,-6.895491333,402.2032,408.7733333,1.159448667,400.0016333,21.45871667,2.05283,1.947597667,17.85781667,17.02463667,2400.001333,0.900000433,0.099999567,0,97.4935,0.100018,2305.138,23075.99,40.0935,40.2017,40.3288,39.91433333,41.5662,2159.912667,239.9886667,0,325.1000001,0,97.8208,0.630769338,-1.556922996,2305.0656,15,1649140741,16:39:01,1649140739,1649140741,5,0.089,-0.003,0.916,-0.158,400,21,0.32,0.07,-6.878558537,-0.20153331,0.041249961,1,97.729,-1.017502668,1.53943756,1,1.159485854,-0.004881533,0.001327561,1,3,3,3-Mar,2.9537,2.79095,0.087088,0.0890673,0.0983122,0.0953118,32089.4,27809.2,31256.8,29142.8,37207,37650.7,42575.5,44471.6,2.16722,1.98363,0.0944212,0,23.4514,999.9,54.853,30.132,25.9455,60.6992,36.6546,1,-0.146712,0.721615,20.2106,5.25323,12.0279,4.9959,3.298,8424.5,137.9,9999,9999,1.88076,1.87596,1.88,1.8791,1.87821,1.87318,1.87729,1.87444,5,0,0,0,11111111,oooooooo,off,off,off,off,0,100,100,0.916,-0.158,0.82715,0,0,0,-0.155,0,0,0,-1,-1,-1,-1,10.6,10.6,2,512.472,453.5,23.2617,25.3086,30.0002,25.2753,25.257,20.9514,14.7116,43.6007,23.2697,400,21.3918,98.6013,101.466
6,1649141053,1637.4,20220405 16:44:12,16:44:12,1649141045,0.002533612,13.82846957,394.0776667,274.9531301,24.96517028,35.78142953,0.203802188,2.851478424,0.196041931,0.123198815,247.8448741,26.907816,24.99606333,3.178931395,60.13366286,2.039194,3.391102259,1.139737395,-111.732285,167.274471,12.47614273,315.8632029,0,0,1,0,48134.20718,MPF-3-20220405-14_28_27,5210.2,90.857,494.321,403.464,0.816198381,-3.334646096,MPF-32-20220405-16_44_13,5333.53,97.02846154,150.326,0.354546376,0.5,1264.514114,13.82846957,224.164448,0.507071298,0.013572894,2.288326703,DARK-33-20220405-16_44_17,74.1,76.226,0.699204188,0.818604972,0.896223889,0.85260395,0.533977655,0.466022345,32,300,300,300,5333.53,126.82,-0.00314252,-0.05,-,-,-,-,-,-,-,-,-,-,1500.016667,1264.514114,0.843000043,0.196000085,2,0.5,0: Broadleaf,2,1649141045,394.0776667,400.0077667,22.4586,21.46802667,393.1614333,22.61688667,500.0559667,90.76325667,0.034655927,26.08417667,24.99606333,999.9,0,0,9998.745,0,0.21925,-5.930119667,403.1314333,408.7836333,0.990581567,400.0077667,21.46802667,2.038416,1.948507667,17.74595,17.03199,1500.016667,0.899991567,0.100008383,0,97.19316667,0.100018,1431.930333,14422.23,38.625,40.125,39.7269,39.812,40.625,1349.911667,150.0036667,0,329.7,0,97.02846154,-3.001025622,0.915897436,1431.931154,15,1649140741,16:39:01,1649140739,1649140741,5,0.089,-0.003,0.916,-0.158,400,21,0.32,0.07,-5.932802195,0.090375052,0.033443882,1,97.0006,-1.900085379,0.991838011,1,0.991868146,-0.029833526,0.003336054,1,3,3,3-Mar,2.95375,2.78961,0.0872438,0.0890856,0.0978549,0.0953646,32085.6,27809.1,31258.3,29143.1,37227.1,37649.2,42576.9,44472.4,2.16725,1.98325,0.0894554,0,23.5265,999.9,54.7,30.262,26.0649,60.3392,36.6546,1,-0.148333,0.268772,20.221,5.25293,12.0279,4.99715,3.298,8431.3,138,9999,9999,1.88072,1.87595,1.87997,1.87906,1.87821,1.87317,1.87727,1.87448,5,0,0,0,11111111,oooooooo,off,off,off,off,0,100,100,0.916,-0.1583,0.9163,0,0,0,-0.15828,0,0,0,-1,-1,-1,-1,5.2,5.2,2,512.31,453.082,23.8925,25.2809,30.0001,25.2562,25.238,20.9514,15.2425,43.2283,23.8937,400,21.4472,98.6052,101.468
7,1649141542,2126.5,20220405 16:52:21,16:52:21,1649141534,0.002240121,12.43443573,394.6854839,272.6800759,24.75883561,35.83669609,0.177988137,2.853139953,0.172041711,0.108043782,247.8411987,26.94509637,24.99746452,3.179196971,60.03148462,2.030852043,3.382978209,1.148344928,-98.7893573,160.9184445,11.99272743,321.9630133,0,0,1,0,48187.73157,MPF-3-20220405-14_28_27,5210.2,90.857,494.321,403.464,0.816198381,-3.334646096,MPF-34-20220405-16_52_22,5335.8,96.62653846,146.291,0.339490888,0.5,1264.496894,12.43443573,214.642587,0.490330916,0.012470637,2.379025367,DARK-35-20220405-16_52_26,74.56,71.731,0.692370963,0.829114663,0.895920582,0.862604842,0.534254666,0.465745334,34,300,300,300,5335.8,125.21,-0.00314386,-1.37,-,-,-,-,-,-,-,-,-,-,1499.996452,1264.496894,0.842999924,0.195999848,2,0.5,0: Broadleaf,2,1649141534,394.6854839,400.0122258,22.36667742,21.49078387,393.7300323,22.52255806,500.0647419,90.76301613,0.035094158,26.04362258,24.99746452,999.9,0,0,10008.95097,0,0.21925,-5.326671613,403.7153226,408.7974839,0.875883129,400.0122258,21.49078387,2.030067419,1.950569677,17.6808129,17.04868387,1499.996452,0.899996548,0.100003723,0,96.67645161,0.100018,1418.669032,14422.07097,37.8506129,39.45325806,38.937,39.187,39.885,1349.900323,149.9958065,0,488.1000001,0,96.62653846,-4.837264947,1.651965833,1418.666154,15,1649141363,16:49:23,1649141363,1649141362,6,0.039,0.002,0.956,-0.156,400,21,0.38,0.1,-5.320730976,-0.042373171,0.034230158,1,96.5886,-6.355197439,0.844649655,0,0.876751463,-0.007935052,0.001694241,1,2,3,2-Mar,2.95378,2.79029,0.0873562,0.0890912,0.0975671,0.0954358,32085.3,27812.2,31261.8,29146.2,37242.7,37650,42581,44476.8,2.16712,1.9816,0.0958294,0,23.4179,999.9,54.517,30.464,26.2793,60.1838,36.1859,1,-0.151758,0.211833,20.2208,5.25263,12.0279,4.9968,3.298,8441.5,138.1,9999,9999,1.88073,1.87593,1.87998,1.8791,1.87822,1.87319,1.87725,1.87443,5,0,0,0,11111111,oooooooo,off,off,off,off,0,100,100,0.955,-0.1558,0.9555,0,0,0,-0.15587619,0,0,0,-1,-1,-1,-1,3,3,2,511.86,451.648,23.9809,25.2381,30,25.2161,25.198,20.9497,16.0997,42.1159,23.9874,400,21.4411,98.6154,101.478
